{"hidden_layers": [768, 2048, 768, 1024, 1024, 512], "pearsonr_val": [0.7556080306817449, 7.175772888083435e-76], "pearsonr_train": [0.9470688474574604, 0.0], "pearsonr_test": [0.7369208497121251, 1.0448009746001986e-63]}