{"hidden_layers": [768, 512, 768, 128, 256, 768], "pearsonr_val": [0.7565404871825094, 3.698220202278742e-76], "pearsonr_train": [0.9554212908255502, 0.0], "pearsonr_test": [0.6932738551281376, 7.129459593138042e-54]}