{"hidden_layers": [1024, 512, 768, 256, 512, 512], "pearsonr_val": [0.7327056666526959, 3.486012498394672e-69], "pearsonr_train": [0.9598756588593541, 0.0], "pearsonr_test": [0.7354259032144088, 1.6946067850688152e-63]}