{"hidden_layers": [2048, 768, 128, 256, 256, 768], "pearsonr_val": [0.7025810182220515, 2.2466480638489445e-61], "pearsonr_train": [0.9499816718403239, 0.0], "pearsonr_test": [0.6909274195207559, 3.09114991079702e-53]}