{"hidden_layers": [256, 512, 2048, 256, 1024, 512], "pearsonr_val": [0.7231524439756046, 1.3514349852696803e-66], "pearsonr_train": [0.9627638954874518, 0.0], "pearsonr_test": [0.7561849484414674, 4.993187927469464e-69]}