{"hidden_layers": [512, 128, 768, 128, 2048, 512], "pearsonr_val": [0.7016989155780945, 3.6758115955795355e-61], "pearsonr_train": [0.949194030984945, 0.0], "pearsonr_test": [0.7608722966487464, 2.3552209183054813e-70]}