{"hidden_layers": [256, 256, 2048, 512, 2048, 128], "pearsonr_val": [0.755097513639665, 1.0302218383870124e-75], "pearsonr_train": [0.9446257582964603, 0.0], "pearsonr_test": [0.7470244783437057, 1.6051836771756157e-66]}