{"hidden_layers": [768, 256, 512, 512, 2048], "pearsonr_val": [0.7069931752147205, 1.862457191252121e-62], "pearsonr_train": [0.9575099183375664, 0.0], "pearsonr_test": [0.6500693186034565, 2.4925929951796624e-45]}