{"hidden_layers": [128, 256, 256, 256, 768, 1024], "pearsonr_val": [0.7221034348977213, 2.5609506043137073e-66], "pearsonr_train": [0.9486555077930272, 0.0], "pearsonr_test": [0.700048300397012, 3.4835970283523615e-55]}