{"hidden_layers": [256, 1024, 256, 256, 128, 512], "pearsonr_val": [0.6674268957867485, 2.0162498966202298e-53], "pearsonr_train": [0.9366476425619351, 0.0], "pearsonr_test": [0.7273422931158768, 1.7522971455018288e-61]}