{"hidden_layers": [1024, 512, 2048, 2048, 256, 512], "pearsonr_val": [0.7544471878291057, 1.6309693985850476e-75], "pearsonr_train": [0.9546042159912163, 0.0], "pearsonr_test": [0.7386179237543817, 2.5884532711040044e-64]}