{"hidden_layers": [128, 512, 256, 2048], "pearsonr_val": [0.7086779096471165, 7.108976740215468e-63], "pearsonr_train": [0.9579730642977213, 0.0], "pearsonr_test": [0.7287764390581013, 7.789555221957707e-62]}