{"hidden_layers": [1024, 1024, 256, 1024, 256, 768], "pearsonr_val": [0.739178884004862, 5.296719641551701e-71], "pearsonr_train": [0.9512155043684973, 0.0], "pearsonr_test": [0.7390085431949533, 3.051322989241203e-64]}