{"hidden_layers": [2048, 128, 128, 1024, 256, 768], "pearsonr_val": [0.7315921709314649, 7.075526252557875e-69], "pearsonr_train": [0.9541060985568057, 0.0], "pearsonr_test": [0.7116829569908801, 6.2108878249134356e-58]}