{"hidden_layers": [256, 256, 2048, 2048, 256, 2048], "pearsonr_val": [0.6873805032116094, 8.495991985692937e-58], "pearsonr_train": [0.9554212999973264, 0.0], "pearsonr_test": [0.715163672580288, 2.0029720026412165e-58]}