{"hidden_layers": [768, 768, 1024, 512, 256, 512], "pearsonr_val": [0.7454284895760989, 8.248582984012043e-73], "pearsonr_train": [0.9629215533002431, 0.0], "pearsonr_test": [0.7435000397731938, 1.3852920844211508e-65]}