{"hidden_layers": [1024, 2048, 512, 256, 256, 128], "pearsonr_val": [0.7642466935581466, 1.3740395133707204e-78], "pearsonr_train": [0.9433696725130188, 0.0], "pearsonr_test": [0.7316726125104318, 2.190698661336716e-62]}