{"hidden_layers": [768, 256, 256, 1024, 1024, 128], "pearsonr_val": [0.7506206632870205, 2.36517404682906e-74], "pearsonr_train": [0.9367314879022927, 0.0], "pearsonr_test": [0.7365252515850014, 8.899523958869523e-64]}