{"hidden_layers": [768, 2048, 2048, 1024, 2048, 2048], "pearsonr_val": [0.509583686817815, 4.397149202362004e-28], "pearsonr_train": [0.5392153623140913, 3.2278254815327956e-250], "pearsonr_test": [0.5660535303091775, 2.1574209746429967e-32]}