{"hidden_layers": [2048, 256, 1024, 1024, 1024, 256], "pearsonr_val": [0.727303007906321, 1.0464386533833377e-67], "pearsonr_train": [0.942700866057608, 0.0], "pearsonr_test": [0.7701549899961407, 2.8646604827210816e-73]}