{"hidden_layers": [128, 128, 128, 512, 256, 512], "pearsonr_val": [0.6910518262720197, 1.217392638445763e-58], "pearsonr_train": [0.9346358663806419, 0.0], "pearsonr_test": [0.7902287739326183, 2.0405037471067166e-79]}