{"hidden_layers": [768, 128, 768, 1024, 1024, 128], "pearsonr_val": [0.7259163882570099, 2.4727354858680393e-67], "pearsonr_train": [0.9412956448911649, 0.0], "pearsonr_test": [0.7354110859315295, 1.7093432364652415e-63]}