{"hidden_layers": [1024, 2048, 1024, 2048, 2048, 2048], "pearsonr_val": [0.573239549093875, 1.153013884219769e-36], "pearsonr_train": [0.6964103811779621, 0.0], "pearsonr_test": [0.6335305240094027, 1.8264695121313026e-42]}