{"hidden_layers": [512, 128, 128, 256, 768, 2048], "pearsonr_val": [0.7234054096990644, 1.1578686538435478e-66], "pearsonr_train": [0.9370302412996555, 0.0], "pearsonr_test": [0.7202432249535641, 8.993801439664034e-60]}