{"hidden_layers": [1024, 1024, 128, 768, 256, 1024], "pearsonr_val": [0.6893405970035378, 3.0219687726079927e-58], "pearsonr_train": [0.9589169257891764, 0.0], "pearsonr_test": [0.7239192393626579, 1.1884658017249246e-60]}