{"hidden_layers": [512, 768, 128, 128, 256, 256], "pearsonr_val": [0.7294736570452826, 2.6942217718584463e-68], "pearsonr_train": [0.9511293187831437, 0.0], "pearsonr_test": [0.7003828327841013, 2.9455848315520918e-55]}