{"hidden_layers": [256, 2048, 512, 2048, 2048, 512], "pearsonr_val": [0.7429605325752257, 4.3299567827724795e-72], "pearsonr_train": [0.9389479716447172, 0.0], "pearsonr_test": [0.7224733867897528, 2.6447927475205414e-60]}