{"hidden_layers": [2048, 256, 2048, 512, 256, 256], "pearsonr_val": [0.7036522088084107, 1.2325916676624821e-61], "pearsonr_train": [0.9462219824477063, 0.0], "pearsonr_test": [0.7719248705324618, 2.076233936142925e-73]}