{"hidden_layers": [2048, 256, 768, 256, 1024, 128], "pearsonr_val": [0.7415179960946352, 1.131288999738742e-71], "pearsonr_train": [0.932823772354463, 0.0], "pearsonr_test": [0.71468058753718, 1.8092489277083026e-58]}