{"hidden_layers": [768, 128, 2048, 2048, 2048, 1024], "pearsonr_val": [0.7348640564822416, 8.749524586949862e-70], "pearsonr_train": [0.9427248497167401, 0.0], "pearsonr_test": [0.7281733176017053, 1.0961209994067546e-61]}