{"hidden_layers": [2048, 1024, 1024, 128, 512, 512], "pearsonr_val": [0.7471220853445492, 2.614470872949727e-73], "pearsonr_train": [0.9548047363294054, 0.0], "pearsonr_test": [0.7113257790304488, 1.0682627395598758e-57]}