{"hidden_layers": [256, 1024, 128, 768, 128], "pearsonr_val": [0.7593375441201721, 4.972750886773818e-77], "pearsonr_train": [0.9316457993922153, 0.0], "pearsonr_test": [0.7161463558090482, 8.261338224045926e-59]}