{"hidden_layers": [256, 1024, 768, 256, 1024, 2048], "pearsonr_val": [0.7169480124069315, 5.680060386083431e-65], "pearsonr_train": [0.9581257740627576, 0.0], "pearsonr_test": [0.6943620174537292, 5.822406640671384e-54]}