{"hidden_layers": [2048, 512, 128, 2048, 1024, 1024], "pearsonr_val": [0.7390665584775828, 5.701905870737179e-71], "pearsonr_train": [0.9578495793663353, 0.0], "pearsonr_test": [0.7214945140137293, 4.5325461464935464e-60]}