{"hidden_layers": [2048, 1024, 768, 128, 1024], "pearsonr_val": [0.7380931866947656, 1.078307520520579e-70], "pearsonr_train": [0.9561467011439999, 0.0], "pearsonr_test": [0.7190945818786628, 1.6815253142272797e-59]}