{"hidden_layers": [128, 1024, 768, 256, 768, 512], "pearsonr_val": [0.7745794315567509, 5.366152017757796e-82], "pearsonr_train": [0.9518634739255595, 0.0], "pearsonr_test": [0.672252749900181, 2.4680888803849982e-49]}