{"hidden_layers": [128, 128, 2048, 512, 1024], "pearsonr_val": [0.7789269167227938, 1.7412259461675488e-83], "pearsonr_train": [0.9467376129833479, 0.0], "pearsonr_test": [0.7832150083848346, 4.0073512554601324e-77]}