{"hidden_layers": [1024, 256, 2048, 512, 512], "pearsonr_val": [0.7327372005101779, 3.4166470128941687e-69], "pearsonr_train": [0.9547393208668284, 0.0], "pearsonr_test": [0.7157506637181635, 1.0213355741624533e-58]}