{"hidden_layers": [128, 768, 256, 128, 768, 768], "pearsonr_val": [0.7164979274438151, 7.420492388294771e-65], "pearsonr_train": [0.9568813252442695, 0.0], "pearsonr_test": [0.7423364518343015, 4.185056909701215e-65]}