{"hidden_layers": [768, 512, 2048, 256, 256, 2048], "pearsonr_val": [0.703333076889207, 1.4743981850941956e-61], "pearsonr_train": [0.966607737068597, 0.0], "pearsonr_test": [0.6779203327798135, 1.0280392546307741e-50]}