{"hidden_layers": [256, 768, 512, 2048, 1024, 256], "pearsonr_val": [0.7716298921772774, 5.2587678491484475e-81], "pearsonr_train": [0.9585434781216431, 0.0], "pearsonr_test": [0.6854131712244013, 4.296836349979217e-52]}