{"hidden_layers": [512, 512, 2048, 2048, 1024], "pearsonr_val": [0.7131842517077052, 5.225685905196028e-64], "pearsonr_train": [0.9611301724593996, 0.0], "pearsonr_test": [0.7931339406115258, 2.1577774416929415e-80]}