{"hidden_layers": [128, 1024, 768, 128, 2048, 512], "pearsonr_val": [0.738578776638782, 7.849599742109922e-71], "pearsonr_train": [0.945487212613353, 0.0], "pearsonr_test": [0.6896664851787015, 7.843892314279745e-53]}