{"hidden_layers": [1024, 128, 768, 2048, 512], "pearsonr_val": [0.7542081914886896, 1.9302391880403728e-75], "pearsonr_train": [0.9477857387722668, 0.0], "pearsonr_test": [0.7438887435271329, 1.0941197972895244e-65]}