{"hidden_layers": [512, 1024, 256, 768, 2048, 256], "pearsonr_val": [0.7256719878545991, 2.8758424079864383e-67], "pearsonr_train": [0.9527853195311811, 0.0], "pearsonr_test": [0.7225792878263982, 2.494715300923994e-60]}