{"hidden_layers": [1024, 512, 512, 2048, 768, 256], "pearsonr_val": [0.7120077186190592, 1.0380847684363519e-63], "pearsonr_train": [0.9529743597958366, 0.0], "pearsonr_test": [0.7389709566804928, 2.0992012148917014e-64]}