{"hidden_layers": [128, 256, 512, 512, 128, 128], "pearsonr_val": [0.7396165090992968, 3.973057143381667e-71], "pearsonr_train": [0.9286489625240575, 0.0], "pearsonr_test": [0.7290837829141339, 4.47194960964481e-62]}