{"hidden_layers": [512, 256, 1024, 256, 256, 768], "pearsonr_val": [0.7297986329050603, 2.1964280646198984e-68], "pearsonr_train": [0.946564871360128, 0.0], "pearsonr_test": [0.7176254163775226, 3.726678936475143e-59]}