{"hidden_layers": [512, 128, 768, 1024, 128, 512], "pearsonr_val": [0.7214947673797085, 3.7058814665879694e-66], "pearsonr_train": [0.9500195217077987, 0.0], "pearsonr_test": [0.7251477541438814, 5.9987108798382096e-61]}