{"hidden_layers": [1024, 768, 1024, 768, 768], "pearsonr_val": [0.7538350584846761, 2.5099921226514153e-75], "pearsonr_train": [0.9561594351810419, 0.0], "pearsonr_test": [0.7354127684332513, 1.7076635345094434e-63]}