{"hidden_layers": [128, 128, 256, 768, 768], "pearsonr_val": [0.7640754727100866, 1.5595488654425182e-78], "pearsonr_train": [0.9511418966489422, 0.0], "pearsonr_test": [0.7169261814381558, 3.782482601721751e-59]}