{"hidden_layers": [768, 768, 256, 768, 1024, 1024], "pearsonr_val": [0.7521766364427246, 8.019780780456339e-75], "pearsonr_train": [0.9691643380585607, 0.0], "pearsonr_test": [0.6991686110097272, 7.576040967703861e-55]}