{"hidden_layers": [128, 768, 768, 256, 768, 768], "pearsonr_val": [0.7681543902048015, 7.411325256259998e-80], "pearsonr_train": [0.9338145646146724, 0.0], "pearsonr_test": [0.7073766952561832, 8.364245905794767e-57]}