{"hidden_layers": [768, 512, 512, 768, 768], "pearsonr_val": [0.7330236046945205, 2.846191702257626e-69], "pearsonr_train": [0.9598131440763877, 0.0], "pearsonr_test": [0.7209523658339192, 6.102171192402494e-60]}