{"hidden_layers": [128, 256, 768, 128, 128, 512], "pearsonr_val": [0.7116808735535585, 1.2553850157565972e-63], "pearsonr_train": [0.9450298111490198, 0.0], "pearsonr_test": [0.7333788080530483, 5.574321219253245e-63]}