{"hidden_layers": [512, 256, 256, 2048, 2048, 2048], "pearsonr_val": [0.7570157115925856, 2.6349733493456904e-76], "pearsonr_train": [0.9496105811873907, 0.0], "pearsonr_test": [0.7320502391880513, 1.2001922101663061e-62]}