{"hidden_layers": [768, 256, 768, 128, 2048, 2048], "pearsonr_val": [0.756193010030186, 4.7360996683322436e-76], "pearsonr_train": [0.9540522888507509, 0.0], "pearsonr_test": [0.7381273776404343, 3.461170263182525e-64]}