{"hidden_layers": [512, 256, 768, 128, 512, 256], "pearsonr_val": [0.6756264384566746, 3.534539941024929e-55], "pearsonr_train": [0.9538099720408033, 0.0], "pearsonr_test": [0.7441921897267523, 9.097796758540283e-66]}