{"hidden_layers": [768, 768, 512, 256, 256, 768], "pearsonr_val": [0.7276707704985782, 8.322922511480843e-68], "pearsonr_train": [0.9614430659332089, 0.0], "pearsonr_test": [0.7287491020864931, 7.911251693652046e-62]}