{"hidden_layers": [768, 256, 512, 1024, 1024, 2048], "pearsonr_val": [0.7410877339348927, 1.5046622122361554e-71], "pearsonr_train": [0.9530277324949125, 0.0], "pearsonr_test": [0.719646678016018, 1.2452358106753068e-59]}