{"hidden_layers": [512, 2048, 2048], "pearsonr_val": [0.6936591207942688, 3.0094157377576052e-59], "pearsonr_train": [0.9367178500062123, 0.0], "pearsonr_test": [0.7265566658365701, 2.7260575112509633e-61]}