{"hidden_layers": [256, 512, 2048, 512, 512, 512], "pearsonr_val": [0.6551952564194378, 6.647892593423077e-51], "pearsonr_train": [0.964161990461699, 0.0], "pearsonr_test": [0.7326844009771767, 8.327642125555744e-63]}