{"hidden_layers": [2048, 2048, 128, 128, 512, 768], "pearsonr_val": [0.7159561446380184, 1.0229689515363459e-64], "pearsonr_train": [0.9564514122937952, 0.0], "pearsonr_test": [0.7060152812681748, 1.6868934584166813e-56]}