{"hidden_layers": [1024, 128, 768, 512, 256, 768], "pearsonr_val": [0.6884274893551384, 4.896262872760352e-58], "pearsonr_train": [0.9593244510067206, 0.0], "pearsonr_test": [0.7258349279206647, 4.085687206749515e-61]}