{"hidden_layers": [768, 512, 2048, 2048, 512, 1024], "pearsonr_val": [0.7363814760959279, 3.2838702744496204e-70], "pearsonr_train": [0.9541738890448627, 0.0], "pearsonr_test": [0.7224904988892353, 2.6199494275349455e-60]}