{"hidden_layers": [768, 512, 128, 512, 128, 768], "pearsonr_val": [0.7759424223454512, 1.8471916585964718e-82], "pearsonr_train": [0.9498691975584059, 0.0], "pearsonr_test": [0.7295210093916883, 3.4854670894190134e-62]}