{"hidden_layers": [128, 1024, 512, 2048, 128, 256], "pearsonr_val": [0.7634848579480547, 2.4118950213794306e-78], "pearsonr_train": [0.9393511284968045, 0.0], "pearsonr_test": [0.7071723381883516, 6.563314482162891e-57]}