{"hidden_layers": [768, 128, 512, 256, 128, 768], "pearsonr_val": [0.6759665974892011, 2.9802068306262003e-55], "pearsonr_train": [0.946979757136748, 0.0], "pearsonr_test": [0.7104771122023031, 1.6673059939598055e-57]}