{"hidden_layers": [128, 768, 768, 2048, 768, 2048], "pearsonr_val": [0.7370797920080472, 2.087056294893238e-70], "pearsonr_train": [0.9635972425513656, 0.0], "pearsonr_test": [0.6886666180691999, 1.264891270442139e-52]}