{"hidden_layers": [512, 512, 128, 128, 512], "pearsonr_val": [0.7044020467108834, 8.083863407957247e-62], "pearsonr_train": [0.9449035904750169, 0.0], "pearsonr_test": [0.748934386151096, 4.917905287140277e-67]}