{"hidden_layers": [768, 512, 2048, 128, 768], "pearsonr_val": [0.7196936121172968, 1.0997987125445827e-65], "pearsonr_train": [0.9617213880500471, 0.0], "pearsonr_test": [0.7297432693254945, 4.496473910893888e-62]}