{"hidden_layers": [768, 128, 1024, 1024, 128], "pearsonr_val": [0.7285131815590111, 4.919085493442e-68], "pearsonr_train": [0.9427492859510491, 0.0], "pearsonr_test": [0.6728711496879246, 1.3827388748422885e-49]}