{"hidden_layers": [128, 256, 1024, 768, 512], "pearsonr_val": [0.7367398926026199, 2.6027267266193448e-70], "pearsonr_train": [0.9518056611910861, 0.0], "pearsonr_test": [0.7342425955568443, 3.377329231905541e-63]}