{"hidden_layers": [128, 1024, 256, 2048], "pearsonr_val": [0.7373953839820603, 1.6996675798575078e-70], "pearsonr_train": [0.9635602954375112, 0.0], "pearsonr_test": [0.7516718920115473, 1.3446874786806226e-67]}