{"hidden_layers": [2048, 512, 768, 128, 128, 256], "pearsonr_val": [0.7142773382607295, 2.7532402371910145e-64], "pearsonr_train": [0.9464716195330521, 0.0], "pearsonr_test": [0.6784716059650677, 1.482420447542287e-50]}