{"hidden_layers": [512, 2048, 256, 1024, 256, 256], "pearsonr_val": [0.7176369921130209, 3.7689609342863225e-65], "pearsonr_train": [0.9559700496923473, 0.0], "pearsonr_test": [0.6943628752952423, 5.819962319081594e-54]}