{"hidden_layers": [512, 2048, 512, 2048, 256, 256], "pearsonr_val": [0.7390589368744546, 5.7304881729455185e-71], "pearsonr_train": [0.9522110029317923, 0.0], "pearsonr_test": [0.6622685437341939, 1.9594693506320016e-47]}