{"hidden_layers": [768, 768, 512, 1024, 2048], "pearsonr_val": [0.7612181241246595, 1.2705353169410574e-77], "pearsonr_train": [0.9681665520807052, 0.0], "pearsonr_test": [0.7512616023840051, 1.1467557911211407e-67]}