{"hidden_layers": [2048, 256, 256, 256, 512], "pearsonr_val": [0.7271288704031236, 1.1661150279480359e-67], "pearsonr_train": [0.9490429170745388, 0.0], "pearsonr_test": [0.7227066826243275, 2.3253345304113225e-60]}