{"hidden_layers": [128, 2048, 512, 768, 2048, 256], "pearsonr_val": [0.7475133412123793, 2.002346528195034e-73], "pearsonr_train": [0.9562644688525844, 0.0], "pearsonr_test": [0.7222663185845731, 2.964590974822615e-60]}