{"hidden_layers": [256, 2048, 2048, 128, 512, 1024], "pearsonr_val": [0.7302623395849248, 1.640227501901287e-68], "pearsonr_train": [0.9638011732497965, 0.0], "pearsonr_test": [0.757480405998803, 3.315974397544512e-69]}