{"hidden_layers": [768, 512, 2048, 1024, 256], "pearsonr_val": [0.7159868939605952, 1.0045180476750739e-64], "pearsonr_train": [0.9567197399605825, 0.0], "pearsonr_test": [0.7241480710240485, 1.5197390287736234e-60]}