{"hidden_layers": [1024, 256, 512, 128, 256, 1024], "pearsonr_val": [0.784118334299268, 2.6183472178407245e-85], "pearsonr_train": [0.9539063164904957, 0.0], "pearsonr_test": [0.7416424373493278, 6.349319639696767e-65]}