{"hidden_layers": [1024, 1024, 2048, 1024, 128], "pearsonr_val": [0.7667268113991265, 2.1679299312797357e-79], "pearsonr_train": [0.9478617302329495, 0.0], "pearsonr_test": [0.6858013724106046, 3.5769383709131234e-52]}