{"hidden_layers": [768, 256, 1024, 2048, 768, 512], "pearsonr_val": [0.7494208974936878, 5.415856323848582e-74], "pearsonr_train": [0.9538297530969505, 0.0], "pearsonr_test": [0.7656203247012042, 9.930854924178335e-72]}