{"hidden_layers": [512, 1024, 2048, 128, 256, 2048], "pearsonr_val": [0.7213375803483313, 4.0763198635583727e-66], "pearsonr_train": [0.9577685740471985, 0.0], "pearsonr_test": [0.7143346044592404, 2.1754299603919033e-58]}