{"pearsonr_val": [0.7106891533175127, 2.2311542410022636e-63], "pearsonr_train": [0.9452148119495938, 0.0], "pearsonr_test": [0.6813443912017952, 2.886731465357488e-51], "hidden_layers": [1024, 512, 768, 256, 128, 256]}