{"hidden_layers": [768, 768, 768, 1024, 512, 128], "pearsonr_val": [0.7465042315244637, 3.9800305603947315e-73], "pearsonr_train": [0.9525562233522262, 0.0], "pearsonr_test": [0.7330310989786608, 6.816356893384556e-63]}