{"hidden_layers": [2048, 128, 2048, 256, 2048, 768], "pearsonr_val": [0.744575919807235, 1.4658253172026206e-72], "pearsonr_train": [0.9432708289305294, 0.0], "pearsonr_test": [0.7648849287963414, 1.6296206885363818e-71]}