{"hidden_layers": [2048, 256, 2048, 2048, 256, 512], "pearsonr_val": [0.7238829636361018, 8.643998922917238e-67], "pearsonr_train": [0.9453756227299068, 0.0], "pearsonr_test": [0.7189766912775473, 1.792744989877443e-59]}