{"hidden_layers": [768, 512, 2048, 2048, 2048, 768], "pearsonr_val": [0.6729953732469407, 1.3122967159721418e-54], "pearsonr_train": [0.9394969292593602, 0.0], "pearsonr_test": [0.7105351734308749, 1.617374175413283e-57]}