{"hidden_layers": [512, 128, 512, 128, 256, 2048], "pearsonr_val": [0.7516792447916927, 1.13419888717807e-74], "pearsonr_train": [0.9498531292077614, 0.0], "pearsonr_test": [0.7266377781651356, 1.7870151238288392e-61]}