{"hidden_layers": [1024, 2048, 2048, 1024, 1024], "pearsonr_val": [0.6193055921345578, 3.774929251487798e-44], "pearsonr_train": [0.7792658330772982, 0.0], "pearsonr_test": [0.6770568172649624, 2.078377606166256e-50]}