{"hidden_layers": [128, 2048, 768, 1024, 512], "pearsonr_val": [0.73044770482195, 1.4592752443968458e-68], "pearsonr_train": [0.9433476855716963, 0.0], "pearsonr_test": [0.7497888515280544, 4.368975635921222e-67]}