{"hidden_layers": [128, 1024, 128, 1024, 256, 2048], "pearsonr_val": [0.7135415777867187, 4.2394747569093726e-64], "pearsonr_train": [0.9513724308894651, 0.0], "pearsonr_test": [0.7546117590323452, 2.0911352414147946e-68]}