{"hidden_layers": [1024, 256, 512, 512, 128, 2048], "pearsonr_val": [0.702037864999148, 3.042891634034786e-61], "pearsonr_train": [0.9445612020404738, 0.0], "pearsonr_test": [0.7589109456321012, 8.525418965388547e-70]}