{"hidden_layers": [256, 128, 512, 1024, 512, 128], "pearsonr_val": [0.7492315285574027, 6.169798368996076e-74], "pearsonr_train": [0.9289305818898581, 0.0], "pearsonr_test": [0.7220171872537802, 3.400543563426212e-60]}