{"hidden_layers": [256, 256, 128], "pearsonr_val": [0.7193965483613983, 1.314840518841782e-65], "pearsonr_train": [0.9068756461031494, 0.0], "pearsonr_test": [0.717639035673449, 3.6993734976314155e-59]}