{"hidden_layers": [768, 128, 128, 256, 2048, 512], "pearsonr_val": [0.7789234424944226, 1.7460569139459115e-83], "pearsonr_train": [0.9530474134199393, 0.0], "pearsonr_test": [0.7551391441658857, 9.776894556312506e-69]}