{"hidden_layers": [512, 256, 512, 768, 2048], "pearsonr_val": [0.7362395872007766, 3.600038265448503e-70], "pearsonr_train": [0.9542708258281913, 0.0], "pearsonr_test": [0.7117626679366404, 8.4893747750632e-58]}